<?xml version="1.0" encoding="UTF-8"?>
<!DOCTYPE library SYSTEM "../DTD/library.dtd">
<library URL="examples/m_doma.wrl" xscale="1" yscale="2.5" zscale="1">
  <description>Priklad 5 -- Doma</description>
  <room object="detsky_pokoj" group="pokoj" xsize="3" ysize="1">
    <allplatform/>
    <portal type="vwindow" kind="out" xpos="0" ypos="0"/>
    <portal type="vdoor" kind="in" xpos="3" ypos="0"/>
  </room>
  <room object="vstup" xsize="2" ysize="1">
    <allplatform/>
    <portal type="vdoor" kind="out" xpos="0" ypos="0"/>
    <portal type="vdoor" kind="in" xpos="2" ypos="0"/>
  </room>
  <room object="wc" xsize="1" ysize="1">
    <allplatform/>
    <portal type="hdoor" kind="in" xpos="0" ypos="0"/>
  </room>
  <room object="koupelna" xsize="1" ysize="1">
    <allplatform/>
    <portal type="vdoor" kind="in" xpos="0" ypos="0"/>
  </room>
  <room object="kuchyne" xsize="3" ysize="1">
    <allplatform/>
    <portal type="vdoor" kind="in" xpos="0" ypos="0"/>
    <portal type="vwindow" kind="out" xpos="3" ypos="0"/>
    <portal type="hdoor" kind="in" xpos="2" ypos="1"/>
  </room>
  <room object="loznice" group="pokoj" xsize="2" ysize="2">
    <allplatform/>
    <portal type="hdoor" kind="in" xpos="0" ypos="0"/>
    <portal type="hwindow" kind="out" xpos="0" ypos="2"/>
    <portal type="hwindow" kind="out" xpos="1" ypos="2"/>
  </room>
  <room object="obyvak" group="pokoj" xsize="4" ysize="2">
    <allplatform/>
    <portal type="vdoor" kind="in" xpos="0" ypos="0"/>
    <portal type="hdoor" kind="in" xpos="3" ypos="0"/>
    <portal type="vdoor" kind="out" xpos="4" ypos="0"/>
    <portal type="vwindow" kind="out" xpos="4" ypos="1"/>
  </room>
  <room object="chodba1" group="chodba" xsize="3" ysize="2">
    <platform>
      <platformrow>.xx</platformrow>
      <platformrow>xx.</platformrow>
    </platform>
    <portal type="hdoor" kind="in" xpos="1" ypos="0"/>
    <portal type="vdoor" kind="in" xpos="1" ypos="0"/>
    <portal type="vdoor" kind="in" xpos="3" ypos="0"/>
    <portal type="hdoor" kind="in" xpos="0" ypos="2"/>
    <portal type="vdoor" kind="in" xpos="0" ypos="1"/>
    <portal type="vdoor" kind="in" xpos="2" ypos="1"/>
    <portal type="hdoor" kind="in" xpos="1" ypos="2"/>
  </room>
</library>
