<?xml version="1.0" encoding="UTF-8"?>
<!DOCTYPE library SYSTEM "../DTD/library.dtd">
<library URL="examples/m_komplex.wrl" xscale="1.5" yscale="2.5" zscale="1.5">
  <description>Priklad 6 -- Komplex</description>
  <room object="pokoj1" group="pokoj" xsize="2" ysize="1">
    <allplatform/>
    <portal type="vwindow" kind="out" xpos="0" ypos="0"/>
    <portal type="vdoor" kind="in" xpos="2" ypos="0"/>
  </room>
  <room object="pokoj2" group="pokoj" xsize="2" ysize="2">
    <allplatform/>
    <portal type="vwindow" kind="out" xpos="0" ypos="0"/>
    <portal type="vdoor" kind="in" xpos="2" ypos="0"/>
    <portal type="vwindow" kind="out" xpos="0" ypos="1"/>
  </room>
  <room object="pokoj3" group="pokoj" xsize="2" ysize="2">
    <allplatform/>
    <portal type="vwindow" kind="out" xpos="0" ypos="0"/>
    <portal type="vwindow" kind="out" xpos="0" ypos="1"/>
    <portal type="vdoor" kind="in" xpos="2" ypos="1"/>
  </room>
  <room object="pokoj4" group="pokoj" xsize="3" ysize="2">
    <allplatform/>
    <portal type="vdoor" kind="in" xpos="0" ypos="0"/>
    <portal type="hdoor" kind="out" xpos="2" ypos="0"/>
    <portal type="vwindow" kind="out" xpos="3" ypos="1"/>
  </room>
  <room object="pokoj5" group="pokoj" xsize="3" ysize="2">
    <allplatform/>
    <portal type="vwindow" kind="out" xpos="3" ypos="0"/>
    <portal type="vdoor" kind="in" xpos="0" ypos="1"/>
    <portal type="vwindow" kind="out" xpos="3" ypos="1"/>
  </room>
  <room object="pokoj6" group="pokoj" xsize="3" ysize="3">
    <allplatform/>
    <portal type="vwindow" kind="out" xpos="3" ypos="0"/>
    <portal type="vdoor" kind="in" xpos="0" ypos="1"/>
    <portal type="vwindow" kind="out" xpos="3" ypos="1"/>
    <portal type="vwindow" kind="out" xpos="3" ypos="2"/>
  </room>
  <room object="kuchyne1" group="kuchyne" xsize="3" ysize="1">
    <allplatform/>
    <portal type="vdoor" kind="in" xpos="0" ypos="0"/>
    <portal type="vwindow" kind="out" xpos="3" ypos="0"/>
    <constraint type="distance" from="wc" function="min" value="4" score="20"/>
  </room>
  <room object="kuchyne2" group="kuchyne" xsize="3" ysize="2">
    <allplatform/>
    <portal type="vdoor" kind="in" xpos="0" ypos="0"/>
    <portal type="vwindow" kind="out" xpos="3" ypos="0"/>
    <constraint type="distance" from="wc" function="min" value="4" score="20"/>
  </room>
  <room object="kuchyne3" group="kuchyne" xsize="3" ysize="2">
    <allplatform/>
    <portal type="vdoor" kind="in" xpos="0" ypos="0"/>
    <portal type="vwindow" kind="out" xpos="3" ypos="0"/>
    <portal type="hdoor" kind="in" xpos="2" ypos="2"/>
    <constraint type="distance" from="wc" function="min" value="4" score="20"/>
  </room>
  <room object="wc1" group="wc" xsize="1" ysize="1">
    <allplatform/>
    <portal type="hdoor" kind="in" xpos="0" ypos="0"/>
  </room>
  <room object="wc2" group="wc" xsize="1" ysize="2">
    <allplatform/>
    <portal type="hdoor" kind="in" xpos="0" ypos="0"/>
  </room>
  <room object="wc3" group="wc" xsize="2" ysize="2">
    <allplatform/>
    <portal type="hdoor" kind="in" xpos="0" ypos="0"/>
    <portal type="hwindow" kind="out" xpos="1" ypos="2"/>
  </room>
  <room object="filler1x1" xsize="1" ysize="1">
    <allplatform/>
  </room>
</library>
