<?xml version="1.0" encoding="UTF-8"?>
<!DOCTYPE library SYSTEM "../DTD/library.dtd">
<library URL="examples/m_mistomez.wrl">
   <description>Priklad 3 -- Omezeni mistnosti</description>
   <room object="C1" xsize="1" ysize="3">
      <allplatform/>
      <constraint type="neighbour" function="yes" from="C2" score="10"/>
      <constraint type="neighbour" function="yes" from="C3" score="10"/>
   </room>
   <room object="C2" xsize="1" ysize="3">
      <allplatform/>
   </room>
   <room object="C3" xsize="1" ysize="3">
      <allplatform/>
   </room>
</library>
