<?xml version="1.0" encoding="UTF-8"?>
<!DOCTYPE library SYSTEM "../DTD/library.dtd">
<library URL="examples/m_pentomino.wrl">
   <description>Priklad 1 -- Pentomino</description>
   <room object="I" xsize="5" ysize="1">
      <platform>
         <platformrow>xxxxx</platformrow>
      </platform>
   </room>
   <room object="L1" group="L" xsize="4" ysize="2">
      <platform>
         <platformrow>xxxx</platformrow>
         <platformrow>x...</platformrow>
      </platform>
   </room>
   <room object="L2" group="L" xsize="4" ysize="2">
      <platform>
         <platformrow>xxxx</platformrow>
         <platformrow>...x</platformrow>
      </platform>
   </room>
   <room object="Z1" group="Z" xsize="3" ysize="3">
      <platform>
         <platformrow>.xx</platformrow>
         <platformrow>.x.</platformrow>
         <platformrow>xx.</platformrow>
      </platform>
   </room>
   <room object="Z2" group="Z" xsize="3" ysize="3">
      <platform>
         <platformrow>xx.</platformrow>
         <platformrow>.x.</platformrow>
         <platformrow>.xx</platformrow>
      </platform>
   </room>
   <room object="U" xsize="3" ysize="2">
      <platform>
         <platformrow>x.x</platformrow>
         <platformrow>xxx</platformrow>
      </platform>
   </room>
   <room object="X" xsize="3" ysize="3">
      <platform>
         <platformrow>.x.</platformrow>
         <platformrow>xxx</platformrow>
         <platformrow>.x.</platformrow>
      </platform>
   </room>
   <room object="T" xsize="3" ysize="3">
      <platform>
         <platformrow>xxx</platformrow>
         <platformrow>.x.</platformrow>
         <platformrow>.x.</platformrow>
      </platform>
   </room>
   <room object="W" xsize="3" ysize="3">
      <platform>
         <platformrow>x..</platformrow>
         <platformrow>xx.</platformrow>
         <platformrow>.xx</platformrow>
      </platform>
   </room>
   <room object="P1" group="P" xsize="3" ysize="2">
      <platform>
         <platformrow>xxx</platformrow>
         <platformrow>.xx</platformrow>
      </platform>
   </room>
   <room object="P2" group="P" xsize="3" ysize="2">
      <platform>
         <platformrow>xxx</platformrow>
         <platformrow>xx.</platformrow>
      </platform>
   </room>
   <room object="F1" group="F" xsize="3" ysize="3">
      <platform>
         <platformrow>.xx</platformrow>
         <platformrow>xx.</platformrow>
         <platformrow>.x.</platformrow>
      </platform>
   </room>
   <room object="F2" group="F" xsize="3" ysize="3">
      <platform>
         <platformrow>xx.</platformrow>
         <platformrow>.xx</platformrow>
         <platformrow>.x.</platformrow>
      </platform>
   </room>
   <room object="V" xsize="3" ysize="3">
      <platform>
         <platformrow>x..</platformrow>
         <platformrow>x..</platformrow>
         <platformrow>xxx</platformrow>
      </platform>
   </room>
   <room object="Y1" group="Y" xsize="4" ysize="2">
      <platform>
         <platformrow>xxxx</platformrow>
         <platformrow>..x.</platformrow>
      </platform>
   </room>
   <room object="Y2" group="Y" xsize="4" ysize="2">
      <platform>
         <platformrow>xxxx</platformrow>
         <platformrow>.x..</platformrow>
      </platform>
   </room>
   <room object="S1" group="S" xsize="4" ysize="2">
      <platform>
         <platformrow>..xx</platformrow>
         <platformrow>xxx.</platformrow>
      </platform>
   </room>
   <room object="S2" group="S" xsize="4" ysize="2">
      <platform>
         <platformrow>xx..</platformrow>
         <platformrow>.xxx</platformrow>
      </platform>
   </room>
</library>
