<?xml version="1.0" encoding="UTF-8"?>
<!DOCTYPE library SYSTEM "../DTD/library.dtd">
<library URL="examples/m_portaly.wrl">
   <description>Priklad 2 -- Portaly</description>
   <room object="s_oknem" xsize="3" ysize="1">
      <allplatform/>
      <portal type="hwindow" kind="out" xpos="0" ypos="0"/>
      <portal type="hdoor" kind="in" xpos="0" ypos="1"/>
   </room>
   <room object="bez_okna" xsize="1" ysize="3">
      <allplatform/>
      <portal type="vdoor" kind="in" xpos="1" ypos="0"/>
   </room>
   <room object="vstupni" xsize="1" ysize="3">
      <allplatform/>
      <portal type="vdoor" kind="in" xpos="0" ypos="0"/>
      <portal type="vdoor" kind="in" xpos="1" ypos="0"/>
      <portal type="hdoor" kind="out" xpos="0" ypos="3"/>
   </room>
</library>
