<?xml version="1.0" encoding="UTF-8"?>
<!DOCTYPE library SYSTEM "../DTD/library.dtd">
<library URL="examples/m_scenomez.wrl">
   <description>Priklad 4 -- Omezeni sceny</description>
  <room object="mistnost" xsize="3" ysize="3">
    <allplatform/>
    <portal type="vdoor" kind="inout" xpos="0" ypos="0"/>
    <portal type="vdoor" kind="inout" xpos="0" ypos="1"/>
    <portal type="vdoor" kind="inout" xpos="3" ypos="1"/>
    <portal type="vdoor" kind="inout" xpos="0" ypos="2"/>
  </room>
</library>
