<?xml version="1.0" encoding="UTF-8"?>
<!DOCTYPE library SYSTEM "../DTD/library.dtd">
<library URL="examples/m_schody.wrl" xscale="2" yscale="3" zscale="2">
  <description>Priklad 7 -- Schody</description>
  <room object="dolnichodba" group="chodba" xsize="5" ysize="1" zsize="1">
    <allplatform/>
    <portal type="ustairs" kind="in" xpos="0" ypos="0" zpos="0"/>
    <portal type="hdoor" kind="in" xpos="1" ypos="1" zpos="0"/>
    <portal type="hdoor" kind="inout" xpos="2" ypos="0" zpos="0"/>
    <portal type="hdoor" kind="in" xpos="3" ypos="1" zpos="0"/>
    <portal type="vwindow" kind="inout" xpos="5" ypos="0" zpos="0"/>
  </room>
  <room object="hornichodba" group="chodba" xsize="4" ysize="1" zsize="1">
    <allplatform/>
    <portal type="dstairs" kind="in" xpos="0" ypos="0" zpos="0"/>
    <portal type="hdoor" kind="in" xpos="1" ypos="0" zpos="0"/>
    <portal type="hdoor" kind="in" xpos="3" ypos="0" zpos="0"/>
    <portal type="vwindow" kind="inout" xpos="4" ypos="0" zpos="0"/>
  </room>
  <room object="pokoj1" group="pokoj" xsize="3" ysize="3" zsize="1">
    <allplatform/>
    <portal type="hwindow" kind="out" xpos="1" ypos="0" zpos="0"/>
    <portal type="vwindow" kind="out" xpos="0" ypos="1" zpos="0"/>
    <portal type="vdoor" kind="in" xpos="3" ypos="1" zpos="0"/>
    <portal type="hdoor" kind="in" xpos="1" ypos="3" zpos="0"/>
  </room>
  <room object="pokoj2" group="pokoj" xsize="3" ysize="2" zsize="1">
    <allplatform/>
    <portal type="vdoor" kind="in" xpos="0" ypos="0" zpos="0"/>
    <portal type="hdoor" kind="in" xpos="1" ypos="0" zpos="0"/>
    <portal type="vwindow" kind="out" xpos="3" ypos="0" zpos="0"/>
    <portal type="hwindow" kind="out" xpos="0" ypos="2" zpos="0"/>
  </room>
  <room object="pokoj3" group="pokoj" xsize="2" ysize="3" zsize="1">
    <allplatform/>
    <portal type="hwindow" kind="out" xpos="1" ypos="0" zpos="0"/>
    <portal type="vwindow" kind="out" xpos="0" ypos="1" zpos="0"/>
    <portal type="hdoor" kind="in" xpos="1" ypos="3" zpos="0"/>
  </room>
  <room object="pokoj4" group="pokoj" xsize="2" ysize="3" zsize="1">
    <allplatform/>
    <portal type="hwindow" kind="out" xpos="1" ypos="0" zpos="0"/>
    <portal type="vwindow" kind="out" xpos="2" ypos="1" zpos="0"/>
    <portal type="hdoor" kind="in" xpos="1" ypos="3" zpos="0"/>
  </room>
</library>
