<?xml version="1.0" encoding="UTF-8"?>
<!DOCTYPE scenereq SYSTEM "../DTD/scenereq.dtd">
<scenereq library="examples/l_doma.xml" xsize="8" ysize="5">
   <description>Priklad 5 -- Doma</description>
   <platform>
      <platformrow>...x....</platformrow>
      <platformrow>...x....</platformrow>
      <platformrow>xxxxxxxx</platformrow>
      <platformrow>xxxxxxxx</platformrow>
      <platformrow>xxxxxxxx</platformrow>
   </platform>
   <reqroom name="vstup" min="1" max="1"/>
   <reqroom name="kuchyne" min="1" max="1"/>
   <reqroom name="pokoj" min="1" max="4"/>
   <reqroom name="wc" min="1" max="1"/>
   <reqroom name="koupelna" min="1" max="1"/>
   <allowroom name="chodba"/>
   <constraint type="doorsout" function="max" value="2"/>
</scenereq>
