<?xml version="1.0" encoding="UTF-8"?>
<!DOCTYPE scenereq SYSTEM "../DTD/scenereq.dtd">
<scenereq library="examples/l_pentomino.xml" xsize="8" ysize="8">
   <description>Priklad 1 -- Pentomino</description>
   <platform>
      <platformrow>xxxxxxxx</platformrow>
      <platformrow>xxxxxxxx</platformrow>
      <platformrow>xxxxxxxx</platformrow>
      <platformrow>xxx..xxx</platformrow>
      <platformrow>xxx..xxx</platformrow>
      <platformrow>xxxxxxxx</platformrow>
      <platformrow>xxxxxxxx</platformrow>
      <platformrow>xxxxxxxx</platformrow>
   </platform>
   <reqroom name="I" min="1" max="1"/>
   <reqroom name="L" min="1" max="1"/>
   <reqroom name="Z" min="1" max="1"/>
   <reqroom name="U" min="1" max="1"/>
   <reqroom name="X" min="1" max="1"/>
   <reqroom name="T" min="1" max="1"/>
   <reqroom name="W" min="1" max="1"/>
   <reqroom name="P" min="1" max="1"/>
   <reqroom name="F" min="1" max="1"/>
   <reqroom name="V" min="1" max="1"/>
   <reqroom name="Y" min="1" max="1"/>
   <reqroom name="S" min="1" max="1"/>
</scenereq>
