<?xml version="1.0" encoding="UTF-8"?>
<!DOCTYPE scenereq SYSTEM "../DTD/scenereq.dtd">
<scenereq library="examples/l_schody.xml" xsize="4" ysize="6" zsize="2">
   <description>Priklad 7 -- Schody</description>
   <platform level="0">
      <platformrow>xxxx</platformrow>
      <platformrow>xxxx</platformrow>
      <platformrow>xxxx</platformrow>
      <platformrow>xxxx</platformrow>
      <platformrow>xxxx</platformrow>
   </platform>
   <platform level="1">
      <platformrow>....</platformrow>
      <platformrow>xxxx</platformrow>
      <platformrow>xxxx</platformrow>
      <platformrow>xxxx</platformrow>
      <platformrow>xxxx</platformrow>
   </platform>
   <reqroom name="pokoj" min="3" max="4"/>
   <allowroom name="chodba" />
</scenereq>
